Designator,Mid X,Mid Y,Rotation,Layer
C-RGB1,118.6996,-56.9911,180.0,bottom
C-RGB10,328.254,-56.9911,0.0,bottom
C-RGB11,347.3044,-56.9911,0.0,bottom
C-RGB12,366.3548,-56.9911,0.0,bottom
C-RGB13,385.4052,-56.9911,0.0,bottom
C-RGB14,409.2182,-56.9911,0.0,bottom
C-RGB15,428.2686,-56.9911,0.0,bottom
C-RGB16,447.319,-56.9911,0.0,bottom
C-RGB17,109.1025,-78.0102,180.0,bottom
C-RGB18,128.1525,-78.0102,180.0,bottom
C-RGB19,147.2025,-78.0102,180.0,bottom
C-RGB2,156.8004,-56.9911,0.0,bottom
C-RGB20,166.2525,-78.0102,180.0,bottom
C-RGB21,185.3025,-78.0102,180.0,bottom
C-RGB22,204.3525,-78.0102,180.0,bottom
C-RGB23,223.4025,-78.0102,180.0,bottom
C-RGB24,242.4525,-78.0102,180.0,bottom
C-RGB25,261.5025,-78.0102,180.0,bottom
C-RGB26,280.5525,-78.0102,180.0,bottom
C-RGB27,299.6025,-78.0102,180.0,bottom
C-RGB28,318.6525,-78.0102,180.0,bottom
C-RGB29,337.7025,-78.0102,180.0,bottom
C-RGB3,175.8508,-56.9911,0.0,bottom
C-RGB31,366.2868,-78.0098,180.0,bottom
C-RGB32,399.615,-78.0102,180.0,bottom
C-RGB33,418.665,-78.0102,180.0,bottom
C-RGB34,437.715,-78.0102,180.0,bottom
C-RGB35,123.4622,-99.855,0.0,bottom
C-RGB36,147.2752,-99.855,0.0,bottom
C-RGB37,166.3256,-99.855,0.0,bottom
C-RGB38,185.376,-99.855,0.0,bottom
C-RGB39,204.4264,-99.855,0.0,bottom
C-RGB4,194.9012,-56.9911,0.0,bottom
C-RGB40,223.4768,-99.855,0.0,bottom
C-RGB41,242.5272,-99.855,0.0,bottom
C-RGB42,261.5776,-99.855,0.0,bottom
C-RGB43,280.628,-99.855,0.0,bottom
C-RGB44,299.6784,-99.855,0.0,bottom
C-RGB45,318.7288,-99.855,0.0,bottom
C-RGB46,337.7792,-99.855,0.0,bottom
C-RGB47,356.8296,-99.855,0.0,bottom
C-RGB48,380.6426,-99.855,0.0,bottom
C-RGB49,409.2182,-99.855,0.0,bottom
C-RGB5,213.9516,-56.9911,0.0,bottom
C-RGB50,428.2686,-99.855,0.0,bottom
C-RGB51,447.319,-99.855,0.0,bottom
C-RGB52,126.6325,-106.3073,315.0,bottom
C-RGB53,107.0925,-110.8973,225.0,bottom
C-RGB54,142.44,-116.1102,180.0,bottom
C-RGB55,161.49,-116.1102,180.0,bottom
C-RGB56,180.54,-116.1102,180.0,bottom
C-RGB57,199.59,-116.1102,180.0,bottom
C-RGB58,218.64,-116.1102,180.0,bottom
C-RGB59,237.69,-116.1102,180.0,bottom
C-RGB6,242.5272,-56.9911,0.0,bottom
C-RGB60,256.74,-116.1102,180.0,bottom
C-RGB61,275.79,-116.1102,180.0,bottom
C-RGB62,294.84,-116.1102,180.0,bottom
C-RGB63,313.89,-116.1102,180.0,bottom
C-RGB64,332.94,-116.1102,180.0,bottom
C-RGB65,363.89625,-116.1102,180.0,bottom
C-RGB66,130.6061,-137.9553,0.0,bottom
C-RGB67,161.563,-137.9553,0.0,bottom
C-RGB68,180.6134,-137.9553,0.0,bottom
C-RGB69,194.712389,-138.979211,135.0,bottom
C-RGB7,261.5776,-56.9911,0.0,bottom
C-RGB70,218.7142,-137.9553,0.0,bottom
C-RGB71,237.7646,-137.9553,0.0,bottom
C-RGB72,256.815,-137.9553,0.0,bottom
C-RGB73,275.8654,-137.9553,0.0,bottom
C-RGB74,294.9158,-137.9553,0.0,bottom
C-RGB75,313.9662,-137.9553,0.0,bottom
C-RGB76,333.0166,-137.9553,0.0,bottom
C-RGB77,368.7361,-137.9553,0.0,bottom
C-RGB78,428.2686,-137.9553,0.0,bottom
C-RGB79,121.0809,-157.0057,0.0,bottom
C-RGB8,280.628,-56.9911,0.0,bottom
C-RGB80,144.8939,-157.0057,0.0,bottom
C-RGB81,168.7069,-157.0057,0.0,bottom
C-RGB82,197.2825,-157.0057,0.0,bottom
C-RGB83,301.98375,-154.2102,180.0,bottom
C-RGB84,325.79625,-154.2102,180.0,bottom
C-RGB85,349.60875,-154.2102,180.0,bottom
C-RGB86,373.42125,-154.2102,180.0,bottom
C-RGB87,399.615,-154.2102,180.0,bottom
C-RGB88,418.665,-154.2102,180.0,bottom
C-RGB89,437.715,-154.2102,180.0,bottom
C-RGB9,299.6784,-56.9911,0.0,bottom
C-RGB90,273.4518,-154.1798,180.0,bottom
C-RGB92,230.5518,-154.2298,180.0,bottom
C1,130.0461,-58.7811,0.0,bottom
C10,207.0318,-152.1498,270.0,bottom
C11,212.6118,-141.5098,135.0,bottom
C12,204.4018,-147.9298,0.0,bottom
C13,204.5218,-151.5298,0.0,bottom
C14,203.9218,-146.9598,0.0,bottom
C15,208.0018,-152.7298,270.0,bottom
C16,195.1268,-139.9498,315.0,bottom
C17,200.1418,-155.9898,0.0,bottom
C18,199.4518,-153.3498,270.0,bottom
C19,221.5518,-148.4598,315.0,bottom
C2,204.5118,-150.5398,0.0,bottom
C20,221.2818,-145.0398,45.0,bottom
C3,203.2718,-145.9698,0.0,bottom
C4,216.6618,-150.3698,270.0,bottom
C5,204.2018,-149.5598,0.0,bottom
C6,206.0618,-152.1398,270.0,bottom
C7,214.6218,-153.7898,225.0,bottom
C8,207.9918,-142.3498,90.0,bottom
C9,217.7518,-149.3498,225.0,bottom
D1,118.9825,-53.8473,90.0,bottom
D10,328.5325,-53.8473,90.0,bottom
D11,347.5825,-53.8473,90.0,bottom
D12,366.6325,-53.8473,90.0,bottom
D13,385.6825,-53.8473,90.0,bottom
D14,409.495,-53.8473,90.0,bottom
D15,428.545,-53.8473,90.0,bottom
D16,447.595,-53.8473,90.0,bottom
D17,118.9825,-77.6602,90.0,bottom
D18,138.0325,-77.6602,90.0,bottom
D19,157.0825,-77.6602,90.0,bottom
D2,157.0825,-53.8473,90.0,bottom
D20,176.1325,-77.6602,90.0,bottom
D21,195.1825,-77.6602,90.0,bottom
D22,214.2325,-77.6602,90.0,bottom
D23,233.2825,-77.6602,90.0,bottom
D24,252.3325,-77.6602,90.0,bottom
D25,271.3825,-77.6602,90.0,bottom
D26,290.4325,-77.6602,90.0,bottom
D27,309.4825,-77.6602,90.0,bottom
D28,328.5325,-77.6602,90.0,bottom
D29,347.5825,-77.6602,90.0,bottom
D3,176.1325,-53.8473,90.0,bottom
D31,376.1368,-77.6848,90.0,bottom
D32,409.495,-77.6602,90.0,bottom
D33,428.545,-77.6602,90.0,bottom
D34,447.595,-77.6602,90.0,bottom
D35,123.745,-96.7102,90.0,bottom
D36,147.5575,-96.7102,90.0,bottom
D37,166.6075,-96.7102,90.0,bottom
D38,185.6575,-96.7102,90.0,bottom
D39,204.7075,-96.7102,90.0,bottom
D4,195.1825,-53.8473,90.0,bottom
D40,223.7575,-96.7102,90.0,bottom
D41,242.8075,-96.7102,90.0,bottom
D42,261.8575,-96.7102,90.0,bottom
D43,280.9075,-96.7102,90.0,bottom
D44,299.9575,-96.7102,90.0,bottom
D45,319.0075,-96.7102,90.0,bottom
D46,338.0575,-96.7102,90.0,bottom
D47,357.1075,-96.7102,90.0,bottom
D48,380.92,-96.7102,90.0,bottom
D49,409.495,-96.7102,90.0,bottom
D5,214.2325,-53.8473,90.0,bottom
D50,428.545,-96.7102,90.0,bottom
D51,447.595,-96.7102,90.0,bottom
D53,131.0518,-116.8973,90.0,bottom
D54,152.32,-115.7602,90.0,bottom
D55,171.37,-115.7602,90.0,bottom
D56,190.42,-115.7602,90.0,bottom
D57,209.47,-115.7602,90.0,bottom
D58,228.52,-115.7602,90.0,bottom
D59,247.57,-115.7602,90.0,bottom
D6,242.8075,-53.8473,90.0,bottom
D60,266.62,-115.7602,90.0,bottom
D61,285.67,-115.7602,90.0,bottom
D62,304.72,-115.7602,90.0,bottom
D63,323.77,-115.7602,90.0,bottom
D64,342.82,-115.7602,90.0,bottom
D65,373.77625,-115.7602,90.0,bottom
D66,130.88875,-134.8102,90.0,bottom
D67,161.845,-134.8102,90.0,bottom
D68,180.895,-134.8102,90.0,bottom
D69,199.945,-134.8102,90.0,bottom
D7,261.8575,-53.8473,90.0,bottom
D70,218.995,-134.8102,90.0,bottom
D71,238.045,-134.8102,90.0,bottom
D72,257.095,-134.8102,90.0,bottom
D73,276.145,-134.8102,90.0,bottom
D74,295.195,-134.8102,90.0,bottom
D75,314.245,-134.8102,90.0,bottom
D76,333.295,-134.8102,90.0,bottom
D77,369.01375,-134.8102,90.0,bottom
D78,428.545,-134.8102,90.0,bottom
D79,121.36375,-153.8602,90.0,bottom
D8,280.9075,-53.8473,90.0,bottom
D80,145.17625,-153.8602,90.0,bottom
D81,168.98875,-153.8602,90.0,bottom
D82,240.42625,-153.8602,90.0,bottom
D83,311.86375,-153.8602,90.0,bottom
D84,335.67625,-153.8602,90.0,bottom
D85,359.48875,-153.8602,90.0,bottom
D86,383.30125,-153.8602,90.0,bottom
D87,409.495,-153.8602,90.0,bottom
D88,428.545,-153.8602,90.0,bottom
D89,447.595,-153.8602,90.0,bottom
D9,299.9575,-53.8473,90.0,bottom
J1,132.9874,-52.2285,180.0,bottom
LED1,113.9025,-54.9273,0.0,bottom
LED10,323.4525,-54.9273,0.0,bottom
LED11,342.5025,-54.9273,0.0,bottom
LED12,361.5525,-54.9273,0.0,bottom
LED13,380.6025,-54.9273,0.0,bottom
LED14,404.415,-54.9273,0.0,bottom
LED15,423.465,-54.9273,0.0,bottom
LED16,442.515,-54.9273,0.0,bottom
LED17,113.9025,-78.7402,0.0,bottom
LED18,132.9525,-78.7402,0.0,bottom
LED19,152.0025,-78.7402,0.0,bottom
LED2,152.0025,-54.9273,0.0,bottom
LED20,171.0525,-78.7402,0.0,bottom
LED21,190.1025,-78.7402,0.0,bottom
LED22,209.1525,-78.7402,0.0,bottom
LED23,228.2025,-78.7402,0.0,bottom
LED24,247.2525,-78.7402,0.0,bottom
LED25,266.3025,-78.7402,0.0,bottom
LED26,285.3525,-78.7402,0.0,bottom
LED27,304.4025,-78.7402,0.0,bottom
LED28,323.4525,-78.7402,0.0,bottom
LED29,342.5025,-78.7402,0.0,bottom
LED3,171.0525,-54.9273,0.0,bottom
LED31,371.0775,-78.7402,0.0,bottom
LED32,404.415,-78.7402,0.0,bottom
LED33,423.465,-78.7402,0.0,bottom
LED34,442.515,-78.7402,0.0,bottom
LED35,118.665,-97.7902,0.0,bottom
LED36,142.4775,-97.7902,0.0,bottom
LED37,161.5275,-97.7902,0.0,bottom
LED38,180.5775,-97.7902,0.0,bottom
LED39,199.6275,-97.7902,0.0,bottom
LED4,190.1025,-54.9273,0.0,bottom
LED40,218.6775,-97.7902,0.0,bottom
LED41,237.7275,-97.7902,0.0,bottom
LED42,256.7775,-97.7902,0.0,bottom
LED43,275.8275,-97.7902,0.0,bottom
LED44,294.8775,-97.7902,0.0,bottom
LED45,313.9275,-97.7902,0.0,bottom
LED46,332.9775,-97.7902,0.0,bottom
LED47,352.0275,-97.7902,0.0,bottom
LED48,375.84,-97.7902,0.0,bottom
LED49,404.415,-97.7902,0.0,bottom
LED5,209.1525,-54.9273,0.0,bottom
LED50,423.465,-97.7902,0.0,bottom
LED51,442.515,-97.7902,0.0,bottom
LED52,128.69,-110.37895,45.0,bottom
LED53,110.14,-114.64145,45.0,bottom
LED54,147.24,-116.8402,0.0,bottom
LED55,166.29,-116.8402,0.0,bottom
LED56,185.34,-116.8402,0.0,bottom
LED57,204.39,-116.8402,0.0,bottom
LED58,223.44,-116.8402,0.0,bottom
LED59,242.49,-116.8402,0.0,bottom
LED6,237.7275,-54.9273,0.0,bottom
LED60,261.54,-116.8402,0.0,bottom
LED61,280.59,-116.8402,0.0,bottom
LED62,299.64,-116.8402,0.0,bottom
LED63,318.69,-116.8402,0.0,bottom
LED64,337.74,-116.8402,0.0,bottom
LED65,368.69625,-116.8402,0.0,bottom
LED66,125.80875,-135.8902,0.0,bottom
LED67,156.765,-135.8902,0.0,bottom
LED68,175.815,-135.8902,0.0,bottom
LED69,194.865,-135.8902,0.0,bottom
LED7,256.7775,-54.9273,0.0,bottom
LED70,213.915,-135.8902,0.0,bottom
LED71,232.965,-135.8902,0.0,bottom
LED72,252.015,-135.8902,0.0,bottom
LED73,271.065,-135.8902,0.0,bottom
LED74,290.115,-135.8902,0.0,bottom
LED75,309.165,-135.8902,0.0,bottom
LED76,328.215,-135.8902,0.0,bottom
LED77,363.93375,-135.8902,0.0,bottom
LED78,423.465,-135.8902,0.0,bottom
LED79,116.28375,-154.9402,0.0,bottom
LED8,275.8275,-54.9273,0.0,bottom
LED80,140.09625,-154.9402,0.0,bottom
LED81,163.90875,-154.9402,0.0,bottom
LED82,192.5199,-154.9402,0.0,bottom
LED83,306.78375,-154.9402,0.0,bottom
LED84,330.59625,-154.9402,0.0,bottom
LED85,354.40875,-154.9402,0.0,bottom
LED86,378.22125,-154.9402,0.0,bottom
LED87,404.415,-154.9402,0.0,bottom
LED88,423.465,-154.9402,0.0,bottom
LED89,442.515,-154.9402,0.0,bottom
LED9,294.8775,-54.9273,0.0,bottom
LED90,278.2467,-154.9402,0.0,bottom
LED92,235.3833,-154.9402,0.0,bottom
MX1,113.9025,-49.8473,0.0,bottom
MX10,323.4525,-49.8473,0.0,bottom
MX11,342.5025,-49.8473,0.0,bottom
MX12,361.5525,-49.8473,0.0,bottom
MX13,380.6025,-49.8473,0.0,bottom
MX14,404.415,-49.8473,0.0,bottom
MX15,423.465,-49.8473,0.0,bottom
MX16,441.88,-47.5573,180.0,top
MX17,113.9025,-73.6602,0.0,bottom
MX18,132.9525,-73.6602,0.0,bottom
MX19,152.0025,-73.6602,0.0,bottom
MX2,152.0025,-49.8473,0.0,bottom
MX20,171.0525,-73.6602,0.0,bottom
MX21,190.1025,-73.6602,0.0,bottom
MX22,209.1525,-73.6602,0.0,bottom
MX23,228.2025,-73.6602,0.0,bottom
MX24,247.2525,-73.6602,0.0,bottom
MX25,266.3025,-73.6602,0.0,bottom
MX26,285.3525,-73.6602,0.0,bottom
MX27,304.4025,-73.6602,0.0,bottom
MX28,323.4525,-73.6602,0.0,bottom
MX29,342.5025,-73.6602,0.0,bottom
MX3,171.0525,-49.8473,0.0,bottom
MX31,371.0775,-73.6602,0.0,bottom
MX32,404.415,-73.6602,0.0,bottom
MX33,423.465,-73.6602,0.0,bottom
MX34,442.515,-73.6602,0.0,bottom
MX35,118.665,-92.7102,0.0,bottom
MX36,142.4775,-92.7102,0.0,bottom
MX37,161.5275,-92.7102,0.0,bottom
MX38,180.5775,-92.7102,0.0,bottom
MX39,199.6275,-92.7102,0.0,bottom
MX4,190.1025,-49.8473,0.0,bottom
MX40,218.6775,-92.7102,0.0,bottom
MX41,237.7275,-92.7102,0.0,bottom
MX42,256.7775,-92.7102,0.0,bottom
MX43,275.8275,-92.7102,0.0,bottom
MX44,294.8775,-92.7102,0.0,bottom
MX45,313.9275,-92.7102,0.0,bottom
MX46,332.9775,-92.7102,0.0,bottom
MX47,352.0275,-92.7102,0.0,bottom
MX48,375.84,-92.7102,0.0,bottom
MX49,404.415,-92.7102,0.0,bottom
MX5,209.1525,-49.8473,0.0,bottom
MX50,423.465,-92.7102,0.0,bottom
MX51,442.515,-92.7102,0.0,bottom
MX52,121.04625,-111.7602,180.0,bottom
MX53,116.28375,-111.7602,0.0,bottom
MX54,147.24,-111.7602,0.0,bottom
MX55,166.29,-111.7602,0.0,bottom
MX56,185.34,-111.7602,0.0,bottom
MX57,204.39,-111.7602,0.0,bottom
MX58,223.44,-111.7602,0.0,bottom
MX59,242.49,-111.7602,0.0,bottom
MX6,237.7275,-49.8473,0.0,bottom
MX60,261.54,-111.7602,0.0,bottom
MX61,280.59,-111.7602,0.0,bottom
MX62,299.64,-111.7602,0.0,bottom
MX63,318.69,-111.7602,0.0,bottom
MX64,337.74,-111.7602,0.0,bottom
MX65,368.69625,-111.7602,0.0,bottom
MX66,125.80875,-130.8102,0.0,bottom
MX67,156.765,-130.8102,0.0,bottom
MX68,175.815,-130.8102,0.0,bottom
MX69,194.865,-130.8102,0.0,bottom
MX7,256.7775,-49.8473,0.0,bottom
MX70,213.915,-130.8102,0.0,bottom
MX71,232.965,-130.8102,0.0,bottom
MX72,252.015,-130.8102,0.0,bottom
MX73,271.065,-130.8102,0.0,bottom
MX74,290.115,-130.8102,0.0,bottom
MX75,309.165,-130.8102,0.0,bottom
MX76,328.215,-130.8102,0.0,bottom
MX77,363.93375,-130.8102,0.0,bottom
MX78,423.465,-130.8102,0.0,bottom
MX79,116.28375,-149.8602,0.0,bottom
MX8,275.8275,-49.8473,0.0,bottom
MX80,140.09625,-149.8602,0.0,bottom
MX81,163.90875,-149.8602,0.0,bottom
MX82,235.34625,-149.8602,0.0,bottom
MX83,306.78375,-149.8602,0.0,bottom
MX84,330.59625,-149.8602,0.0,bottom
MX85,354.40875,-149.8602,0.0,bottom
MX86,378.22125,-149.8602,0.0,bottom
MX87,404.415,-149.8602,0.0,bottom
MX88,423.465,-149.8602,0.0,bottom
MX89,442.515,-149.8602,0.0,bottom
MX9,294.8775,-49.8473,0.0,bottom
R1,130.0961,-56.9911,180.0,bottom
R2,217.3918,-153.2698,180.0,bottom
R3,205.0518,-135.4698,180.0,bottom
R4,205.0618,-136.5398,0.0,bottom
R5,205.0718,-137.5698,0.0,bottom
R6,202.2218,-148.2798,0.0,bottom
R7,202.2218,-149.2798,180.0,bottom
R8,218.4618,-148.6498,45.0,bottom
S1,442.515,-49.8473,0.0,top
TP1,218.7418,-154.9073,0.0,bottom
TP2,202.8418,-136.3898,90.0,bottom
U1,127.0186,-57.8911,0.0,bottom
U2,201.4085,-141.0344,270.0,bottom
U3,210.8118,-147.4498,0.0,bottom
U4,201.6393,-153.4398,90.0,bottom
Y1,219.7018,-146.6298,45.0,bottom
